{"sys": {"Nemo": [0.8926707957455963], "UEdin": [0.8904315240016698], "VolcTrans-GLAT": [0.9004544986719425], "Online-G": [0.8788432182578028], "Online-B": [0.8886772350070599], "refA": [0.8641155673159141], "eTranslation": [0.8898418078612558], "metricsystem5": [0.8832659712326368], "Online-W": [0.8961129783453028], "metricsystem3": [0.8809044200509957], "Online-Y": [0.8867154451656161], "nuclear_trans": [0.8820324739197399], "P3AI": [0.8852991522828814], "UF": [0.888964006751493], "VolcTrans-AT": [0.8890784938149932], "metricsystem1": [0.8883094914271664], "Facebook-AI": [0.8980786177193644], "happypoet": [0.8807180400591421], "refB": [0.9376879391000664], "HuaweiTSC": [0.8925376743700292], "refD": [0.8743682633767318], "WeChat-AI": [0.8966748700874806], "ICL": [0.867202747026476], "Manifold": [0.8883660376863642], "metricsystem4": [0.8873938750723055], "Online-A": [0.8875830287725243], "refC": [0.9999999860884795], "BUPT_rush": [0.876953168657292], "metricsystem2": [0.8834520325036384]}}