{"sys": {"Nemo": [0.9045628253829999], "UEdin": [0.9021900782548952], "VolcTrans-GLAT": [0.9110949247566528], "Online-G": [0.8908640917609719], "Online-B": [0.8999219041395459], "refA": [0.8782032141196886], "eTranslation": [0.9020071293190263], "metricsystem5": [0.894892561028533], "Online-W": [0.9063504225162673], "metricsystem3": [0.8923551378032967], "Online-Y": [0.8985737616468426], "nuclear_trans": [0.8947559354201213], "P3AI": [0.8971306142137444], "UF": [0.9001269571242794], "VolcTrans-AT": [0.9016648946043663], "metricsystem1": [0.8995055918223039], "Facebook-AI": [0.9096395927543206], "happypoet": [0.8928367693464941], "refB": [0.9444222063448217], "HuaweiTSC": [0.9045843415287459], "refD": [0.8873758848749483], "WeChat-AI": [0.9085127064353827], "ICL": [0.8815625618712047], "Manifold": [0.9004260661253667], "metricsystem4": [0.8989525012092301], "Online-A": [0.8987575816927191], "refC": [0.9999999938925032], "BUPT_rush": [0.8893404963799174], "metricsystem2": [0.8948742512055095]}}